index,question,gold,response,f1,precision,recall,rl
1,热诚传说结局,"[""《热诚传说》动画的结局是百合。""]",动画《热诚传说》结局中官方盖章了百合线，男主史雷醒来是几年后，公主等角色都已长大，还有观众对该结局失望，认为前面25集铺垫白费，对没有看到公主和男主在一起感到失落。,0.2558139534883721,0.14864864864864866,0.9166666666666666,0.18604651162790697
,,,,0.2558139534883721,0.14864864864864866,0.9166666666666666,0.18604651162790697
